{
  "train_loss": [
    0.7073761373758316,
    0.6961734443902969,
    0.6877649575471878,
    0.682063028216362,
    0.6805166453123093,
    0.6790802478790283,
    0.6607664376497269,
    0.6716749966144562,
    0.664942666888237,
    0.6510363668203354,
    0.6410277783870697,
    0.645108088850975,
    0.6365072578191757,
    0.6214001774787903,
    0.6398738771677017,
    0.6354067623615265,
    0.6182693094015121,
    0.6169847548007965,
    0.6359520703554153,
    0.628508448600769,
    0.6091270744800568,
    0.6005603820085526,
    0.5991994887590408,
    0.6167506575584412,
    0.6021578460931778,
    0.6138363033533096,
    0.5923144668340683,
    0.6043425500392914,
    0.6153433322906494,
    0.6263654679059982,
    0.6191541105508804,
    0.5882575511932373,
    0.5860800296068192,
    0.5934178233146667,
    0.5886082500219345,
    0.607512578368187,
    0.628653034567833,
    0.6087073534727097,
    0.5935919284820557,
    0.5932038575410843,
    0.6111548691987991,
    0.6064292937517166,
    0.6226841509342194,
    0.6008355915546417,
    0.586831197142601,
    0.6252831071615219,
    0.6178375333547592,
    0.6122419536113739,
    0.6162417829036713,
    0.616178497672081
  ],
  "val_loss": [
    0.7113521099090576,
    0.7110621929168701,
    0.7107635736465454,
    0.7102447748184204,
    0.7090091109275818,
    0.7079064249992371,
    0.7060555815696716,
    0.702945351600647,
    0.6973767280578613,
    0.6909780502319336,
    0.6842117309570312,
    0.6745713353157043,
    0.6642575860023499,
    0.6529304385185242,
    0.6390679478645325,
    0.627142071723938,
    0.6145129203796387,
    0.6024662852287292,
    0.5857456922531128,
    0.5764857530593872,
    0.5743323564529419,
    0.5734522938728333,
    0.5701388120651245,
    0.566818356513977,
    0.5648482441902161,
    0.563036322593689,
    0.5626572370529175,
    0.561102032661438,
    0.5598549246788025,
    0.5606151819229126,
    0.5608086585998535,
    0.5580790638923645,
    0.5580163598060608,
    0.5578566193580627,
    0.5579741597175598,
    0.558418869972229,
    0.5593303442001343,
    0.5582562685012817,
    0.5581096410751343,
    0.5582701563835144,
    0.558637797832489,
    0.5576391816139221,
    0.5609955787658691,
    0.5584585070610046,
    0.5577189922332764,
    0.5592890381813049,
    0.5605227947235107,
    0.559968113899231,
    0.5605643391609192,
    0.5614161491394043
  ],
  "val_auc": [
    0.4636363636363636,
    0.6454545454545455,
    0.7909090909090909,
    0.9090909090909091,
    0.9363636363636363,
    0.9272727272727272,
    0.9090909090909091,
    0.8999999999999999,
    0.8909090909090909,
    0.8909090909090909,
    0.8909090909090909,
    0.8999999999999999,
    0.9,
    0.9090909090909091,
    0.9181818181818181,
    0.9181818181818181,
    0.9181818181818181,
    0.9272727272727272,
    0.9272727272727272,
    0.9363636363636363,
    0.9454545454545453,
    0.9454545454545453,
    0.9363636363636363,
    0.9363636363636363,
    0.9545454545454545,
    0.9545454545454545,
    0.9545454545454545,
    0.9545454545454545,
    0.9545454545454545,
    0.9545454545454545,
    0.9727272727272727,
    0.9727272727272727,
    0.9636363636363636,
    0.9727272727272727,
    0.9636363636363636,
    0.9636363636363636,
    0.9636363636363636,
    0.9636363636363636,
    0.9636363636363636,
    0.9545454545454545,
    0.9636363636363636,
    0.9727272727272727,
    0.9727272727272727,
    0.9727272727272727,
    0.9636363636363636,
    0.9636363636363636,
    0.9636363636363636,
    0.9545454545454545,
    0.9545454545454545,
    0.9545454545454545
  ],
  "test_auc": 0.9727272727272727,
  "best_val_loss": 0.5576391816139221
}